-- phpMyAdmin SQL Dump
-- version 4.9.0.1
-- https://www.phpmyadmin.net/
--
-- Host: 127.0.0.1
-- Waktu pembuatan: 09 Nov 2023 pada 23.51
-- Versi server: 10.4.6-MariaDB
-- Versi PHP: 7.3.9

SET SQL_MODE = "NO_AUTO_VALUE_ON_ZERO";
SET AUTOCOMMIT = 0;
START TRANSACTION;
SET time_zone = "+00:00";


/*!40101 SET @OLD_CHARACTER_SET_CLIENT=@@CHARACTER_SET_CLIENT */;
/*!40101 SET @OLD_CHARACTER_SET_RESULTS=@@CHARACTER_SET_RESULTS */;
/*!40101 SET @OLD_COLLATION_CONNECTION=@@COLLATION_CONNECTION */;
/*!40101 SET NAMES utf8mb4 */;

--
-- Database: `toko-mutiara`
--

-- --------------------------------------------------------

--
-- Struktur dari tabel `analisis`
--

CREATE TABLE `analisis` (
  `id_analisis` int(11) NOT NULL,
  `id_produk` int(11) NOT NULL,
  `thn_periode` int(11) NOT NULL,
  `qty_keluar` int(11) NOT NULL,
  `netsale` double NOT NULL,
  `profit` double NOT NULL,
  `hasil` double NOT NULL,
  `status` int(11) NOT NULL
) ENGINE=InnoDB DEFAULT CHARSET=latin1;

--
-- Dumping data untuk tabel `analisis`
--

INSERT INTO `analisis` (`id_analisis`, `id_produk`, `thn_periode`, `qty_keluar`, `netsale`, `profit`, `hasil`, `status`) VALUES
(1, 1, 2020, 2088, 13565200, 1739340, 13420635, 2),
(2, 2, 2020, 262, 6483400, 1134800, 6323216, 2),
(3, 3, 2020, 1158, 3005900, 335796, 2771223, 2),
(4, 4, 2020, 1706, 4251200, 286864, 4011160, 2),
(5, 5, 2020, 29, 217500, 145000, 44970, 2),
(6, 6, 2020, 1547, 1469650, 143929, 1226158, 2),
(7, 7, 2020, 337, 2674900, 175037, 2431805, 2),
(8, 8, 2020, 431, 1034400, 193280, 794916, 2),
(9, 9, 2020, 318, 572400, 59683, 332033, 2),
(10, 10, 2020, 40, 140000, 28842, 74306, 1),
(11, 11, 2020, 74, 1739000, 100096, 1495024, 2),
(12, 12, 2020, 91, 932100, 94179, 688252, 2),
(13, 13, 2020, 42, 1107200, 157190, 864562, 2),
(14, 14, 2020, 13, 52000, 33041, 28589, 1),
(15, 15, 2020, 8, 44000, 25000, 28769, 1),
(16, 16, 2020, 1010, 5050000, 903200, 4871233, 2),
(17, 17, 2020, 15, 539600, 52380, 300911, 2),
(18, 18, 2020, 379, 682200, 118029, 438300, 2),
(19, 19, 2020, 114, 615600, 125311, 371972, 2),
(20, 20, 2020, 2639, 27720900, 594278, 27481191, 2),
(21, 21, 2020, 387, 3839400, 150675, 3595645, 2),
(22, 22, 2020, 218, 196200, 15156, 105019, 2),
(23, 23, 2020, 53, 45050, 4770, 23681, 1),
(24, 24, 2020, 22, 140000, 52833, 83809, 1),
(25, 25, 2020, 120, 2470400, 273364, 2232483, 2),
(26, 26, 2020, 298, 447000, 244360, 244175, 2),
(27, 27, 2020, 447, 625800, 176197, 387726, 2),
(28, 28, 2020, 263, 1420200, 233985, 1182857, 2),
(29, 29, 2020, 162, 680400, 147450, 438119, 2),
(30, 30, 2020, 17, 32300, 4418, 36310, 1),
(31, 31, 2020, 4233, 57145500, 2839750, 56967003, 2),
(32, 32, 2020, 349, 655900, 108371, 411900, 2),
(33, 33, 2020, 34, 500400, 43703, 264501, 2),
(34, 34, 2020, 21, 583800, 52356, 344434, 2),
(35, 35, 2020, 711, 22417500, 1368398, 22209255, 2),
(36, 36, 2020, 293, 1465100, 90320, 1221237, 2),
(37, 37, 2020, 27, 324000, 30403, 111915, 2),
(38, 38, 2020, 1769, 4852300, 551027, 4629483, 2),
(39, 39, 2020, 1173, 3170800, 288083, 2932294, 2),
(40, 40, 2020, 270, 1031000, 77415, 787620, 2),
(41, 41, 2020, 17, 290200, 34950, 86997, 2),
(42, 42, 2020, 1199, 2515000, 549125, 2313319, 2),
(43, 43, 2020, 55, 71500, 14494, 5942, 1),
(44, 44, 2020, 12, 276000, 56000, 61626, 2),
(45, 45, 2020, 525, 892500, 129800, 648844, 2),
(46, 46, 2020, 158, 742600, 71100, 500013, 2),
(47, 47, 2020, 525, 498750, 59687, 259416, 2),
(48, 48, 2020, 1529, 1452550, 268767, 1219109, 2),
(49, 49, 2020, 379, 1516000, 490316, 1328021, 2),
(50, 50, 2020, 222, 910200, 140970, 666982, 2),
(51, 51, 2020, 54, 205200, 17368, 99201, 2),
(52, 52, 2020, 3, 40200, 6760, 28185, 1),
(53, 53, 2020, 50, 190000, 19500, 104243, 2),
(54, 54, 2020, 250, 450000, 54416, 213023, 2),
(55, 55, 2020, 94, 799000, 41781, 559015, 2),
(56, 56, 2020, 369, 2767500, 1107000, 2713802, 2),
(57, 57, 2020, 4, 282000, 50000, 69898, 2),
(58, 58, 2020, 200, 1140000, 163893, 897700, 2),
(59, 59, 2020, 73, 386900, 42145, 157624, 2),
(60, 60, 2020, 1253, 6028300, 657239, 5810254, 2),
(61, 61, 2020, 351, 3525300, 281451, 3285846, 2),
(62, 62, 2020, 190, 513000, 58299, 273674, 2),
(63, 63, 2020, 87, 530700, 58200, 291107, 2),
(64, 64, 2020, 91, 354900, 56101, 122726, 2),
(65, 65, 2020, 120, 528000, 146958, 286569, 2),
(66, 66, 2020, 644, 1187900, 212782, 949625, 2),
(67, 67, 2020, 262, 1310000, 137266, 1066383, 2),
(68, 68, 2020, 29, 792300, 83673, 548869, 2),
(69, 69, 2020, 57, 153900, 28550, 87738, 1),
(70, 70, 2020, 116, 614800, 52486, 375031, 2),
(71, 71, 2020, 28, 244600, 22875, 85793, 2),
(72, 72, 2020, 15, 327000, 9375, 129413, 2),
(73, 73, 2020, 262, 490750, 78252, 248617, 2),
(74, 74, 2020, 3, 52600, 5179, 16240, 1),
(75, 75, 2020, 108, 465200, 49789, 228901, 2),
(76, 76, 2020, 2, 4399, 763, 64447, 1),
(77, 77, 2020, 27, 137700, 16588, 69808, 1),
(78, 78, 2020, 123, 184500, 100850, 60011, 2),
(79, 79, 2020, 37, 370000, 107916, 126002, 2),
(80, 80, 2020, 4, 288000, 68000, 59914, 2),
(81, 81, 2020, 20, 234000, 22000, 87241, 2),
(82, 82, 2020, 211, 803000, 60665, 561057, 2),
(83, 83, 2020, 218, 414200, 72376, 174026, 2),
(84, 84, 2020, 506, 759000, 326850, 559311, 2),
(85, 85, 2020, 44, 647900, 61237, 406675, 2),
(86, 86, 2020, 952, 2618000, 469790, 2401309, 2),
(87, 87, 2020, 1052, 2839600, 335650, 2605506, 2),
(88, 88, 2020, 10, 425000, 192000, 199262, 2),
(89, 89, 2020, 166, 879800, 54677, 638088, 2),
(90, 90, 2020, 97, 514100, 33630, 280329, 2),
(91, 91, 2020, 185, 1110000, 456561, 933266, 2),
(92, 92, 2020, 128, 545800, 88068, 302502, 2),
(93, 93, 2020, 76, 950000, 137807, 706601, 2),
(94, 94, 2020, 149, 369900, 42100, 142414, 2),
(95, 95, 2020, 41, 209100, 27874, 88007, 2),
(96, 96, 2020, 1087, 21196500, 3478400, 21221742, 2),
(97, 97, 2020, 157, 298300, 147550, 66786, 2),
(98, 98, 2020, 248, 1398000, 152165, 1154819, 2),
(99, 99, 2020, 137, 383600, 43909, 153888, 2),
(100, 100, 2020, 15, 228000, 48405, 62349, 2),
(101, 101, 2020, 158, 1185000, 158000, 942292, 2),
(102, 102, 2020, 1081, 6687600, 1059573, 6513386, 2),
(103, 103, 2020, 300, 150000, 28125, 83840, 1),
(104, 104, 2020, 97, 480300, 50695, 243307, 2),
(105, 105, 2020, 37, 1051500, 43337, 810138, 2),
(106, 106, 2020, 113, 2654100, 168100, 2410832, 2),
(107, 107, 2020, 656, 1640000, 164625, 1397121, 2),
(108, 108, 2020, 58, 406000, 81201, 164311, 2),
(109, 109, 2020, 22, 158400, 7660, 90169, 1),
(110, 110, 2020, 24, 335500, 32285, 119190, 2),
(111, 111, 2020, 759, 2087250, 378822, 1862942, 2),
(112, 112, 2020, 245, 1799700, 184421, 1557543, 2),
(113, 113, 2020, 133, 126350, 16641, 58534, 1),
(114, 114, 2020, 135, 128250, 18141, 60616, 1),
(115, 115, 2020, 46, 41700, 5234, 26893, 1),
(116, 116, 2020, 62, 316200, 32700, 104803, 2),
(117, 117, 2020, 230, 1771000, 169006, 1528191, 2),
(118, 118, 2020, 90, 1152000, 113452, 908012, 2),
(119, 119, 2020, 45, 108000, 13500, 39948, 1),
(120, 120, 2020, 123, 393600, 49200, 160985, 2),
(121, 121, 2020, 37, 800900, 68754, 558328, 2),
(122, 122, 2020, 89, 384500, 81378, 143125, 2),
(123, 123, 2020, 631, 1830050, 213812, 1589531, 2),
(124, 124, 2020, 129, 258000, 72012, 39236, 2),
(125, 125, 2020, 98, 3832900, 506704, 3610905, 2),
(126, 126, 2020, 247, 444600, 130650, 201801, 2),
(127, 127, 2020, 34, 166600, 32638, 101030, 1),
(128, 128, 2020, 123, 189200, 27854, 97640, 2),
(129, 129, 2020, 395, 1975000, 395005, 1754523, 2),
(130, 130, 2020, 179, 3256000, 320500, 3019439, 2),
(131, 131, 2020, 1502, 1464450, 217782, 1225319, 2),
(132, 132, 2020, 17, 51000, 15300, 18192, 1),
(133, 133, 2020, 149, 1305700, 119674, 1061757, 2),
(134, 134, 2020, 128, 396800, 44800, 165610, 2),
(135, 135, 2020, 193, 443900, 108453, 199900, 2),
(136, 136, 2020, 44, 277200, 28191, 87054, 2),
(137, 137, 2020, 62, 1058300, 99052, 814356, 2),
(138, 138, 2020, 85, 419900, 75608, 178979, 2),
(139, 139, 2020, 4, 40000, 16000, 28983, 1),
(140, 140, 2020, 289, 216750, 27662, 85465, 2),
(141, 141, 2020, 6, 570000, 87056, 326715, 2),
(142, 142, 2020, 72, 3693600, 202279, 3450869, 2),
(143, 143, 2020, 161, 241500, 129258, 20743, 2),
(144, 144, 2020, 12, 164400, 12719, 96203, 1),
(145, 145, 2020, 62, 3612000, 143680, 3368181, 2),
(146, 146, 2020, 74, 162800, 20966, 95240, 1),
(147, 147, 2020, 222, 457500, 56805, 219708, 2),
(148, 148, 2020, 345, 610500, 57000, 370124, 2),
(149, 149, 2020, 35, 68250, 9520, 0, 1),
(150, 150, 2020, 14, 244000, 108666, 0, 2),
(151, 1, 2021, 2257, 14617000, 1817490, 14385515, 2),
(152, 2, 2021, 273, 6736400, 1176600, 6489860, 2),
(153, 3, 2021, 1486, 3858700, 419456, 3540328, 2),
(154, 4, 2021, 2250, 5611200, 451856, 5291086, 2),
(155, 5, 2021, 22, 165000, 110000, 136412, 1),
(156, 6, 2021, 1547, 1469650, 143929, 1140651, 2),
(157, 7, 2021, 381, 2658500, 187624, 2329883, 2),
(158, 8, 2021, 431, 1034400, 193280, 707027, 2),
(159, 9, 2021, 348, 626400, 68611, 307137, 2),
(160, 10, 2021, 45, 157500, 32852, 88339, 1),
(161, 11, 2021, 73, 1715500, 98766, 1387281, 2),
(162, 12, 2021, 365, 1574800, 149073, 1245805, 2),
(163, 13, 2021, 36, 962000, 144650, 633000, 2),
(164, 14, 2021, 12, 48000, 30500, 31636, 1),
(165, 15, 2021, 9, 49500, 28125, 28969, 1),
(166, 16, 2021, 1236, 6180000, 1200400, 5945365, 2),
(167, 17, 2021, 19, 674400, 51180, 358002, 2),
(168, 18, 2021, 373, 671400, 116141, 343642, 2),
(169, 19, 2021, 115, 621000, 126448, 292610, 2),
(170, 20, 2021, 2998, 31490400, 677655, 31165946, 2),
(171, 21, 2021, 391, 3870600, 154108, 3541610, 2),
(172, 22, 2021, 290, 261000, 14548, 147407, 2),
(173, 23, 2021, 67, 56950, 6030, 15726, 1),
(174, 24, 2021, 24, 152000, 57333, 92792, 1),
(175, 25, 2021, 123, 2530700, 285445, 2206153, 2),
(176, 26, 2021, 331, 496500, 271420, 209652, 2),
(177, 27, 2021, 459, 642600, 174448, 314948, 2),
(178, 28, 2021, 265, 1431000, 235876, 1105713, 2),
(179, 29, 2021, 176, 739200, 153582, 410282, 2),
(180, 30, 2021, 17, 32300, 4418, 40247, 1),
(181, 31, 2021, 4546, 61371000, 3039400, 61110567, 2),
(182, 32, 2021, 503, 952000, 164745, 623302, 2),
(183, 33, 2021, 34, 500400, 43703, 199264, 2),
(184, 34, 2021, 22, 611600, 53356, 297191, 2),
(185, 35, 2021, 862, 26409300, 1577807, 26119610, 2),
(186, 36, 2021, 362, 1789400, 134201, 1460442, 2),
(187, 37, 2021, 30, 360000, 33603, 115950, 2),
(188, 38, 2021, 2423, 6618100, 720685, 6315363, 2),
(189, 39, 2021, 1416, 3826900, 357793, 3504346, 2),
(190, 40, 2021, 272, 1038600, 77645, 712821, 2),
(191, 41, 2021, 16, 272600, 31250, 127263, 2),
(192, 42, 2021, 1567, 3251000, 709458, 2975957, 2),
(193, 43, 2021, 57, 74100, 15021, 5327, 1),
(194, 44, 2021, 13, 299000, 60666, 89824, 2),
(195, 45, 2021, 546, 928200, 135050, 599288, 2),
(196, 46, 2021, 168, 789600, 75600, 465848, 2),
(197, 47, 2021, 544, 516800, 61457, 205679, 2),
(198, 48, 2021, 3065, 2911750, 545247, 2613529, 2),
(199, 49, 2021, 387, 1548000, 500450, 1269672, 2),
(200, 50, 2021, 225, 921600, 142245, 592608, 2),
(201, 51, 2021, 52, 197600, 16613, 125620, 1),
(202, 52, 2021, 2, 26800, 4030, 45749, 1),
(203, 53, 2021, 58, 220400, 22620, 148780, 1),
(204, 54, 2021, 268, 482400, 60016, 175529, 2),
(205, 55, 2021, 107, 909500, 47871, 588624, 2),
(206, 56, 2021, 441, 3305000, 1315500, 3197790, 2),
(207, 57, 2021, 2, 141000, 25000, 70451, 1),
(208, 58, 2021, 226, 1288200, 184251, 959989, 2),
(209, 59, 2021, 77, 408100, 44915, 127830, 2),
(210, 60, 2021, 1954, 9433100, 950675, 9139650, 2),
(211, 61, 2021, 378, 3803000, 303754, 3477610, 2),
(212, 62, 2021, 210, 567000, 64436, 251372, 2),
(213, 63, 2021, 94, 573400, 59400, 259067, 2),
(214, 64, 2021, 85, 331500, 52402, 92964, 2),
(215, 65, 2021, 130, 572000, 159612, 243419, 2),
(216, 66, 2021, 747, 1373300, 245992, 1049140, 2),
(217, 67, 2021, 262, 1310000, 137266, 981033, 2),
(218, 68, 2021, 32, 870600, 91623, 544256, 2),
(219, 69, 2021, 59, 159300, 29551, 89302, 1),
(220, 70, 2021, 124, 657200, 49682, 341854, 2),
(221, 71, 2021, 35, 306200, 28575, 118963, 2),
(222, 72, 2021, 16, 348800, 6733, 140007, 2),
(223, 73, 2021, 341, 640850, 103848, 314597, 2),
(224, 74, 2021, 8, 144100, 14344, 72077, 1),
(225, 75, 2021, 118, 506200, 54324, 199204, 2),
(226, 76, 2021, 4, 8799, 981, 63997, 1),
(227, 77, 2021, 34, 173400, 20818, 101819, 1),
(228, 78, 2021, 147, 220500, 120350, 111339, 2),
(229, 79, 2021, 39, 390000, 113750, 68691, 2),
(230, 80, 2021, 5, 360000, 85000, 67831, 2),
(231, 81, 2021, 16, 187200, 17600, 115296, 1),
(232, 82, 2021, 225, 856200, 62275, 533702, 2),
(233, 83, 2021, 320, 623100, 107228, 296558, 2),
(234, 84, 2021, 823, 1234500, 546225, 990275, 2),
(235, 85, 2021, 48, 704300, 62509, 384330, 2),
(236, 86, 2021, 1286, 3536500, 626380, 3243372, 2),
(237, 87, 2021, 1084, 2911800, 378242, 2593280, 2),
(238, 88, 2021, 12, 510000, 231000, 200249, 2),
(239, 89, 2021, 187, 991100, 60936, 667457, 2),
(240, 90, 2021, 100, 530000, 35103, 229241, 2),
(241, 91, 2021, 203, 1218000, 506732, 959651, 2),
(242, 92, 2021, 136, 585600, 93152, 261851, 2),
(243, 93, 2021, 79, 987500, 133907, 658599, 2),
(244, 94, 2021, 176, 436050, 48850, 144113, 2),
(245, 95, 2021, 52, 265200, 36312, 126317, 2),
(246, 96, 2021, 1079, 21040500, 3452800, 20973925, 2),
(247, 97, 2021, 187, 355300, 174550, 39310, 2),
(248, 98, 2021, 259, 1459500, 159897, 1130593, 2),
(249, 99, 2021, 136, 380800, 43309, 114420, 2),
(250, 100, 2021, 8, 121600, 21769, 50816, 1),
(251, 101, 2021, 199, 1492500, 199000, 1164737, 2),
(252, 102, 2021, 1284, 9386500, 1327309, 9134296, 2),
(253, 103, 2021, 309, 154500, 28968, 84492, 1),
(254, 104, 2021, 117, 576300, 60895, 261318, 2),
(255, 105, 2021, 34, 966000, 41516, 645404, 2),
(256, 106, 2021, 136, 3198200, 206200, 2869845, 2),
(257, 107, 2021, 852, 2130000, 228820, 1802934, 2),
(258, 108, 2021, 82, 574000, 114802, 246895, 2),
(259, 109, 2021, 27, 194400, 5598, 122331, 1),
(260, 110, 2021, 28, 390900, 37635, 124219, 2),
(261, 111, 2021, 1135, 3121250, 567198, 2823939, 2),
(262, 112, 2021, 352, 2591500, 266507, 2265742, 2),
(263, 113, 2021, 142, 134900, 17778, 63222, 1),
(264, 114, 2021, 163, 154850, 23597, 83800, 1),
(265, 115, 2021, 49, 44400, 5570, 28111, 1),
(266, 116, 2021, 74, 377400, 38460, 117322, 2),
(267, 117, 2021, 231, 1778700, 170369, 1449916, 2),
(268, 118, 2021, 102, 1305600, 128308, 976748, 2),
(269, 119, 2021, 41, 98400, 12300, 26345, 1),
(270, 120, 2021, 125, 400000, 50000, 118867, 2),
(271, 121, 2021, 43, 934400, 79236, 608997, 2),
(272, 122, 2021, 80, 345800, 77272, 70103, 2),
(273, 123, 2021, 708, 2053350, 234862, 1726672, 2),
(274, 124, 2021, 201, 402000, 102093, 84845, 2),
(275, 125, 2021, 99, 3871600, 512354, 3561561, 2),
(276, 126, 2021, 270, 486000, 141480, 157047, 2),
(277, 127, 2021, 38, 186200, 35559, 116864, 1),
(278, 128, 2021, 123, 189200, 27854, 118394, 1),
(279, 129, 2021, 450, 2250000, 450006, 1945010, 2),
(280, 130, 2021, 176, 3201550, 306550, 2877070, 2),
(281, 131, 2021, 1997, 1947075, 289555, 1624490, 2),
(282, 132, 2021, 20, 60000, 18000, 14512, 1),
(283, 133, 2021, 144, 1262200, 115713, 933670, 2),
(284, 134, 2021, 153, 474300, 53550, 171861, 2),
(285, 135, 2021, 183, 420900, 102790, 101269, 2),
(286, 136, 2021, 51, 335300, 33889, 111621, 2),
(287, 137, 2021, 66, 1127100, 105452, 799095, 2),
(288, 138, 2021, 88, 476600, 80708, 161127, 2),
(289, 139, 2021, 2, 20000, 8000, 52190, 1),
(290, 140, 2021, 262, 196500, 25070, 125252, 1),
(291, 141, 2021, 8, 752000, 105200, 424899, 2),
(292, 142, 2021, 63, 3231900, 176994, 2903072, 2),
(293, 143, 2021, 180, 270000, 145091, 59000, 2),
(294, 144, 2021, 8, 109600, 8350, 37489, 1),
(295, 145, 2021, 59, 3444300, 142771, 3115301, 2),
(296, 146, 2021, 83, 182600, 23516, 111266, 1),
(297, 147, 2021, 259, 531500, 66610, 217264, 2),
(298, 148, 2021, 364, 642800, 60800, 324986, 2),
(299, 149, 2021, 37, 72150, 10064, 0, 1),
(300, 150, 2021, 19, 329000, 145333, 0, 2),
(301, 1, 2022, 2129, 13772600, 1711940, 13552307, 2),
(302, 2, 2022, 212, 5247000, 902200, 4993818, 2),
(303, 3, 2022, 944, 2454400, 313713, 2149593, 2),
(304, 4, 2022, 2205, 5503200, 460006, 5201177, 2),
(305, 5, 2022, 22, 165000, 110000, 137944, 1),
(306, 6, 2022, 1167, 1108650, 114468, 796998, 2),
(307, 7, 2022, 381, 2658500, 187624, 2347024, 2),
(308, 8, 2022, 303, 727200, 133660, 415222, 2),
(309, 9, 2022, 335, 603000, 57691, 301878, 2),
(310, 10, 2022, 39, 136500, 29929, 69290, 1),
(311, 11, 2022, 70, 1645000, 94775, 1333700, 2),
(312, 12, 2022, 356, 1510000, 142237, 1198007, 2),
(313, 13, 2022, 32, 866400, 136500, 554402, 2),
(314, 14, 2022, 12, 48000, 30500, 30358, 1),
(315, 15, 2022, 6, 33000, 18750, 38263, 1),
(316, 16, 2022, 1160, 5800000, 1124400, 5575942, 2),
(317, 17, 2022, 13, 472200, 52980, 181362, 2),
(318, 18, 2022, 328, 590400, 101687, 280758, 2),
(319, 19, 2022, 86, 464400, 93867, 158661, 2),
(320, 20, 2022, 2639, 27720900, 594278, 27412697, 2),
(321, 21, 2022, 377, 3761400, 133096, 3449403, 2),
(322, 22, 2022, 226, 203400, 9140, 133201, 1),
(323, 23, 2022, 57, 48450, 5130, 22244, 1),
(324, 24, 2022, 23, 146000, 55083, 88300, 1),
(325, 25, 2022, 141, 2894800, 341958, 2590840, 2),
(326, 26, 2022, 331, 496500, 271420, 227686, 2),
(327, 27, 2022, 490, 686000, 180770, 376437, 2),
(328, 28, 2022, 272, 1468800, 241802, 1161447, 2),
(329, 29, 2022, 159, 667800, 146136, 355893, 2),
(330, 30, 2022, 34, 64600, 8836, 5680, 1),
(331, 31, 2022, 4269, 57631500, 2864050, 57384287, 2),
(332, 32, 2022, 524, 995400, 175049, 684403, 2),
(333, 33, 2022, 35, 507400, 42142, 217646, 2),
(334, 34, 2022, 20, 556000, 49614, 259515, 2),
(335, 35, 2022, 929, 28239900, 1699935, 27971543, 2),
(336, 36, 2022, 347, 1733900, 138365, 1421900, 2),
(337, 37, 2022, 27, 324000, 30403, 108263, 2),
(338, 38, 2022, 2297, 6202400, 685745, 5915812, 2),
(339, 39, 2022, 1383, 3732300, 369081, 3428097, 2),
(340, 40, 2022, 231, 882800, 58860, 576260, 2),
(341, 41, 2022, 12, 205800, 22150, 136161, 1),
(342, 42, 2022, 1608, 3333000, 728250, 3078122, 2),
(343, 43, 2022, 43, 55900, 11332, 14382, 1),
(344, 44, 2022, 15, 345000, 70000, 75584, 2),
(345, 45, 2022, 431, 732700, 106300, 421892, 2),
(346, 46, 2022, 158, 742600, 71100, 435765, 2),
(347, 47, 2022, 410, 389500, 45107, 120976, 2),
(348, 48, 2022, 2807, 2666650, 499134, 2382184, 2),
(349, 49, 2022, 414, 1656000, 534650, 1401309, 2),
(350, 50, 2022, 198, 819000, 130770, 507051, 2),
(351, 51, 2022, 49, 186200, 16829, 116213, 1),
(352, 52, 2022, 3, 40200, 6760, 30152, 1),
(353, 53, 2022, 60, 228000, 23400, 142088, 2),
(354, 54, 2022, 253, 455400, 57016, 164687, 2),
(355, 55, 2022, 102, 867000, 46002, 562573, 2),
(356, 56, 2022, 380, 2850000, 1140000, 2728634, 2),
(357, 57, 2022, 3, 211500, 37500, 142128, 2),
(358, 58, 2022, 211, 1202700, 170736, 891301, 2),
(359, 59, 2022, 59, 312700, 33590, 104412, 2),
(360, 60, 2022, 1779, 8570700, 891081, 8292964, 2),
(361, 61, 2022, 324, 3268400, 259289, 2958886, 2),
(362, 62, 2022, 223, 602100, 68425, 298326, 2),
(363, 63, 2022, 94, 573400, 59400, 272961, 2),
(364, 64, 2022, 85, 331500, 52402, 87790, 2),
(365, 65, 2022, 130, 572000, 159612, 260896, 2),
(366, 66, 2022, 747, 1373300, 245992, 1066780, 2),
(367, 67, 2022, 262, 1310000, 137266, 998000, 2),
(368, 68, 2022, 32, 870600, 91623, 560521, 2),
(369, 69, 2022, 55, 148500, 27548, 80288, 1),
(370, 70, 2022, 114, 604200, 44771, 306712, 2),
(371, 71, 2022, 29, 253200, 23675, 128559, 2),
(372, 72, 2022, 14, 305200, 8750, 129428, 2),
(373, 73, 2022, 335, 623150, 95604, 314025, 2),
(374, 74, 2022, 7, 125800, 12511, 55666, 1),
(375, 75, 2022, 108, 458400, 49543, 171048, 2),
(376, 76, 2022, 7, 15399, 1581, 55411, 1),
(377, 77, 2022, 32, 163200, 19609, 93516, 1),
(378, 78, 2022, 134, 201000, 109350, 114637, 2),
(379, 79, 2022, 34, 340000, 99166, 47875, 2),
(380, 80, 2022, 3, 216000, 51000, 129556, 2),
(381, 81, 2022, 20, 234000, 22000, 139785, 2),
(382, 82, 2022, 231, 877800, 61405, 570961, 2),
(383, 83, 2022, 343, 651700, 113876, 340555, 2),
(384, 84, 2022, 506, 759000, 326850, 485256, 2),
(385, 85, 2022, 44, 645700, 56455, 343518, 2),
(386, 86, 2022, 752, 2068000, 374140, 1771806, 2),
(387, 87, 2022, 857, 2298900, 319391, 1995162, 2),
(388, 88, 2022, 10, 425000, 193000, 125674, 2),
(389, 89, 2022, 204, 1081200, 75686, 771719, 2),
(390, 90, 2022, 97, 514100, 34110, 227238, 2),
(391, 91, 2022, 190, 1140000, 468901, 891672, 2),
(392, 92, 2022, 127, 549600, 87842, 242836, 2),
(393, 93, 2022, 78, 975000, 151422, 663135, 2),
(394, 94, 2022, 174, 431050, 48250, 149090, 2),
(395, 95, 2022, 56, 285600, 39837, 101650, 2),
(396, 96, 2022, 1063, 20728500, 3401600, 20675699, 2),
(397, 97, 2022, 178, 338200, 166450, 38676, 2),
(398, 98, 2022, 258, 1454200, 159716, 1142406, 2),
(399, 99, 2022, 117, 327600, 36897, 102298, 2),
(400, 100, 2022, 12, 182400, 36329, 115295, 1),
(401, 101, 2022, 204, 1530000, 204000, 1219786, 2),
(402, 102, 2022, 1365, 10177400, 1403409, 9946224, 2),
(403, 103, 2022, 305, 152500, 28593, 84420, 1),
(404, 104, 2022, 89, 432000, 45790, 151336, 2),
(405, 105, 2022, 32, 909000, 33713, 606040, 2),
(406, 106, 2022, 126, 2966200, 194200, 2654794, 2),
(407, 107, 2022, 772, 1930000, 202270, 1619276, 2),
(408, 108, 2022, 102, 714000, 142802, 402028, 2),
(409, 109, 2022, 24, 172800, 8394, 102609, 1),
(410, 110, 2022, 29, 404400, 38925, 135475, 2),
(411, 111, 2022, 1037, 2851750, 518006, 2568021, 2),
(412, 112, 2022, 283, 2080900, 211911, 1770443, 2),
(413, 113, 2022, 130, 123500, 16262, 53691, 1),
(414, 114, 2022, 122, 115900, 17360, 46322, 1),
(415, 115, 2022, 46, 41700, 5234, 28862, 1),
(416, 116, 2022, 68, 346800, 35580, 108170, 2),
(417, 117, 2022, 230, 1771000, 169006, 1459329, 2),
(418, 118, 2022, 100, 1280000, 125780, 968077, 2),
(419, 119, 2022, 41, 98400, 12300, 28311, 1),
(420, 120, 2022, 127, 406400, 50800, 128511, 2),
(421, 121, 2022, 36, 792200, 67679, 485321, 2),
(422, 122, 2022, 74, 320000, 74535, 63967, 2),
(423, 123, 2022, 705, 2044500, 234025, 1735159, 2),
(424, 124, 2022, 158, 316000, 82196, 55946, 2),
(425, 125, 2022, 98, 3832900, 506704, 3540152, 2),
(426, 126, 2022, 242, 435600, 127900, 124012, 2),
(427, 127, 2022, 39, 191100, 35804, 123666, 1),
(428, 128, 2022, 120, 184400, 27205, 115520, 1),
(429, 129, 2022, 439, 2195000, 439006, 1906906, 2),
(430, 130, 2022, 173, 3147100, 301600, 2839816, 2),
(431, 131, 2022, 1636, 1595100, 237211, 1286930, 2),
(432, 132, 2022, 18, 54000, 16200, 17421, 1),
(433, 133, 2022, 143, 1253500, 114874, 941784, 2),
(434, 134, 2022, 145, 449500, 50750, 162846, 2),
(435, 135, 2022, 182, 418600, 102223, 112443, 2),
(436, 136, 2022, 50, 327000, 33075, 105990, 2),
(437, 137, 2022, 69, 1179200, 110197, 867645, 2),
(438, 138, 2022, 89, 498300, 85208, 193635, 2),
(439, 139, 2022, 4, 40000, 16000, 30831, 1),
(440, 140, 2022, 289, 216750, 27662, 145763, 2),
(441, 141, 2022, 6, 562000, 87680, 255013, 2),
(442, 142, 2022, 67, 3437100, 188232, 3125503, 2),
(443, 143, 2022, 155, 232500, 124258, 80679, 2),
(444, 144, 2022, 6, 82200, 6165, 12536, 1),
(445, 145, 2022, 60, 3507000, 147108, 3195012, 2),
(446, 146, 2022, 84, 184800, 23800, 115452, 1),
(447, 147, 2022, 264, 541500, 67935, 239957, 2),
(448, 148, 2022, 372, 657200, 62000, 353467, 2),
(449, 149, 2022, 36, 70200, 9792, 0, 1),
(450, 150, 2022, 18, 312000, 138000, 1, 2);

-- --------------------------------------------------------

--
-- Struktur dari tabel `detail_transaksi`
--

CREATE TABLE `detail_transaksi` (
  `id_detail` int(11) NOT NULL,
  `id_transaksi` int(11) NOT NULL,
  `id_produk` int(11) NOT NULL,
  `qty` int(11) NOT NULL
) ENGINE=InnoDB DEFAULT CHARSET=latin1;

--
-- Dumping data untuk tabel `detail_transaksi`
--

INSERT INTO `detail_transaksi` (`id_detail`, `id_transaksi`, `id_produk`, `qty`) VALUES
(1, 1, 3, 3),
(2, 1, 5, 1),
(3, 2, 3, 2),
(4, 2, 5, 1);

-- --------------------------------------------------------

--
-- Struktur dari tabel `diskon`
--

CREATE TABLE `diskon` (
  `id_diskon` int(11) NOT NULL,
  `id_produk` int(11) NOT NULL,
  `nama_diskon` varchar(125) NOT NULL,
  `diskon` int(11) NOT NULL,
  `tgl_diskon` varchar(20) NOT NULL
) ENGINE=InnoDB DEFAULT CHARSET=latin1;

--
-- Dumping data untuk tabel `diskon`
--

INSERT INTO `diskon` (`id_diskon`, `id_produk`, `nama_diskon`, `diskon`, `tgl_diskon`) VALUES
(1, 2, 'sale! of day', 5, '2023-08-28');

-- --------------------------------------------------------

--
-- Struktur dari tabel `ongkir`
--

CREATE TABLE `ongkir` (
  `id_ongkir` int(11) NOT NULL,
  `nama_kecamatan` varchar(125) NOT NULL,
  `ongkir` varchar(15) NOT NULL
) ENGINE=InnoDB DEFAULT CHARSET=latin1;

--
-- Dumping data untuk tabel `ongkir`
--

INSERT INTO `ongkir` (`id_ongkir`, `nama_kecamatan`, `ongkir`) VALUES
(1, 'Kuningan', '7000');

-- --------------------------------------------------------

--
-- Struktur dari tabel `pelanggan`
--

CREATE TABLE `pelanggan` (
  `id_pelanggan` int(11) NOT NULL,
  `nama` varchar(125) NOT NULL,
  `alamat` text NOT NULL,
  `no_hp` varchar(15) NOT NULL,
  `username` varchar(125) NOT NULL,
  `password` varchar(125) NOT NULL
) ENGINE=InnoDB DEFAULT CHARSET=latin1;

--
-- Dumping data untuk tabel `pelanggan`
--

INSERT INTO `pelanggan` (`id_pelanggan`, `nama`, `alamat`, `no_hp`, `username`, `password`) VALUES
(1, 'pelanggan A', 'Kuningan, Jawa Barat', '089987656543', 'pelangganA', 'pelangganA');

-- --------------------------------------------------------

--
-- Struktur dari tabel `produk`
--

CREATE TABLE `produk` (
  `id_produk` int(11) NOT NULL,
  `id_user` int(11) NOT NULL,
  `nama_produk` varchar(125) NOT NULL,
  `keterangan` varchar(20) NOT NULL,
  `harga` varchar(15) NOT NULL,
  `harga_supplier` varchar(30) NOT NULL,
  `stat_produk` int(11) NOT NULL,
  `gambar` text NOT NULL
) ENGINE=InnoDB DEFAULT CHARSET=latin1;

--
-- Dumping data untuk tabel `produk`
--

INSERT INTO `produk` (`id_produk`, `id_user`, `nama_produk`, `keterangan`, `harga`, `harga_supplier`, `stat_produk`, `gambar`) VALUES
(1, 1, 'Gula Psr Lokal I/2kg', 'kg', '35816', '37607', 0, 'blank-profile-picture-973460_1280.png'),
(2, 1, 'Mb.Minyak Telon Pls 85', 'liter', '12592', '13222', 0, 'blank-profile-picture-973460_1280.png'),
(3, 1, 'Indomilk Kids Ckl 115m', 'ml', '10602', '11132', 1, 'blank-profile-picture-973460_1280.png'),
(4, 1, 'Indomie Aym Bwg 69g', 'gram', '12578', '13207', 0, 'blank-profile-picture-973460_1280.png'),
(5, 1, 'Masker S Polos', 'pcs', '29871', '31365', 0, 'blank-profile-picture-973460_1280.png'),
(6, 1, 'Real Good S.Choco 60ml', 'ml', '32270', '33884', 0, 'blank-profile-picture-973460_1280.png'),
(7, 1, 'Fresco Kopi Cream 10\'s', 'pcs', '11626', '12207', 0, 'blank-profile-picture-973460_1280.png'),
(8, 1, 'Paramex 4\'s', 'pcs', '44671', '46905', 0, 'blank-profile-picture-973460_1280.png'),
(9, 1, 'Garuda Rosta Rs Bwng 25g', 'gram', '30123', '31629', 0, 'blank-profile-picture-973460_1280.png'),
(10, 1, 'Eskulin Shp Donald 45ml', 'ml', '49669', '52152', 0, 'blank-profile-picture-973460_1280.png'),
(11, 1, 'Dancow 3+Pbio3 Madu 200g', 'gram', '28044', '29446', 0, 'blank-profile-picture-973460_1280.png'),
(12, 1, 'Oishi Panchos Jg Pds 160', 'pcs', '39264', '41227', 0, 'blank-profile-picture-973460_1280.png'),
(13, 1, 'Lifebuoy Bw Cool 450ml Rf', 'ml', '25570', '26849', 0, 'blank-profile-picture-973460_1280.png'),
(14, 1, 'Kuas Pagoda 7.8', 'pcs', '25711', '26997', 0, 'blank-profile-picture-973460_1280.png'),
(15, 1, 'Popok Alan B Era', 'pcs', '26944', '28291', 0, 'blank-profile-picture-973460_1280.png'),
(16, 1, 'Walls Populer Cho Van', 'pcs', '15566', '16344', 0, 'blank-profile-picture-973460_1280.png'),
(17, 1, 'Moko Moko M19', 'pcs', '17713', '18599', 0, 'blank-profile-picture-973460_1280.png'),
(18, 1, 'Oskadon Sp/4 Tab', 'pcs', '38257', '40170', 0, 'blank-profile-picture-973460_1280.png'),
(19, 1, 'Sabun L.Buaya 900p', 'pcs', '21065', '22118', 0, 'blank-profile-picture-973460_1280.png'),
(20, 1, 'Kopi K.Api Spc Mix25g*10\'s', 'pcs', '20390', '21410', 0, 'blank-profile-picture-973460_1280.png'),
(21, 1, 'Pudding Susu Strw 145g', 'gram', '27613', '28994', 0, 'blank-profile-picture-973460_1280.png'),
(22, 1, 'Okky J.Drink Bblgum', 'pcs', '35040', '36792', 0, 'blank-profile-picture-973460_1280.png'),
(23, 1, 'Teh Rio Gula Bt 200m', 'ml', '36658', '38491', 0, 'blank-profile-picture-973460_1280.png'),
(24, 1, 'Cutter Jk A 300a', 'pcs', '31967', '33565', 0, 'blank-profile-picture-973460_1280.png'),
(25, 1, 'Ekonomi E2k Kantong', 'pcs', '20661', '21694', 0, 'blank-profile-picture-973460_1280.png'),
(26, 1, 'Kertas Kado Kiki Kcl', 'pcs', '22728', '23864', 0, 'blank-profile-picture-973460_1280.png'),
(27, 1, 'Torabika Creamy Latte', 'pcs', '22319', '23435', 0, 'blank-profile-picture-973460_1280.png'),
(28, 1, 'Promina Puff Str+Apl 15', 'pcs', '41751', '43839', 0, 'blank-profile-picture-973460_1280.png'),
(29, 1, 'Wcc Pudding Guava 120gr', 'gram', '14036', '14738', 0, 'blank-profile-picture-973460_1280.png'),
(30, 1, 'Oreo Coklat 38g', 'gram', '25646', '26928', 0, 'blank-profile-picture-973460_1280.png'),
(31, 1, 'Djarum Coklat 12', 'pcs', '43362', '45530', 0, 'blank-profile-picture-973460_1280.png'),
(32, 1, 'Richees Rol Kj 43gr', 'gram', '17420', '18291', 0, 'blank-profile-picture-973460_1280.png'),
(33, 1, 'Kecap Abc Mns 275m', 'ml', '21842', '22934', 0, 'blank-profile-picture-973460_1280.png'),
(34, 1, 'Madu Tj Super 250g', 'gram', '35938', '37735', 0, 'blank-profile-picture-973460_1280.png'),
(35, 1, 'Sania Mg 2lt Pch', 'liter', '24564', '25792', 0, 'blank-profile-picture-973460_1280.png'),
(36, 1, 'Filma Mgrn Salt 200g', 'gram', '35965', '37763', 0, 'blank-profile-picture-973460_1280.png'),
(37, 1, 'Uleg Sbl Rawit 20g/Pak', 'pak', '38663', '40596', 0, 'blank-profile-picture-973460_1280.png'),
(38, 1, 'Indomie Grg Rendang', 'pcs', '35662', '37445', 0, 'blank-profile-picture-973460_1280.png'),
(39, 1, 'Indomie Grg Iga Penyet', 'pcs', '16663', '17496', 0, 'blank-profile-picture-973460_1280.png'),
(40, 1, 'Shinzui Soap Myori 90gr', 'gram', '35104', '36859', 0, 'blank-profile-picture-973460_1280.png'),
(41, 1, 'Hufagripp Tmp 60ml', 'ml', '31079', '32633', 0, 'blank-profile-picture-973460_1280.png'),
(42, 1, 'Frestea Jasmine Cup 300ml', 'ml', '33152', '34810', 0, 'blank-profile-picture-973460_1280.png'),
(43, 1, 'Aircup Btl 600ml', 'ml', '32657', '34290', 0, 'blank-profile-picture-973460_1280.png'),
(44, 1, 'Pulpen Hitech Pilot', 'pcs', '11892', '12487', 0, 'blank-profile-picture-973460_1280.png'),
(45, 1, 'Bigbabol Crm Strw Stck 20', 'pak', '46959', '49307', 0, 'blank-profile-picture-973460_1280.png'),
(46, 1, 'Rinso Molto 250g', 'gram', '36913', '38759', 0, 'blank-profile-picture-973460_1280.png'),
(47, 1, 'Real Good F.Blackrn 60ml', 'ml', '22653', '23786', 0, 'blank-profile-picture-973460_1280.png'),
(48, 1, 'So Nice Sosis Sapi 1 \'S', 'pak', '34407', '36127', 0, 'blank-profile-picture-973460_1280.png'),
(49, 1, 'Frestea Markisa 350', 'pcs', '39115', '41071', 0, 'blank-profile-picture-973460_1280.png'),
(50, 1, 'Susan C.Bud Spd 620', 'pcs', '11005', '11555', 0, 'blank-profile-picture-973460_1280.png'),
(51, 1, 'Cb Powder Mld&Gntl 50g', 'gram', '22679', '23813', 0, 'blank-profile-picture-973460_1280.png'),
(52, 1, 'Biore Bf Chocobery 250rf', 'pcs', '48924', '51370', 0, 'blank-profile-picture-973460_1280.png'),
(53, 1, 'Pagoda Pstls Mint 10g', 'gram', '30981', '32530', 0, 'blank-profile-picture-973460_1280.png'),
(54, 1, 'Gery Chocolatos Kj 33g Fam', 'pcs', '36719', '38555', 0, 'blank-profile-picture-973460_1280.png'),
(55, 1, 'Richoco Roll Ckl 8g/Box', 'pak', '15807', '16597', 0, 'blank-profile-picture-973460_1280.png'),
(56, 1, 'Tali Masker', 'pcs', '36475', '38299', 0, 'blank-profile-picture-973460_1280.png'),
(57, 1, 'Daster Bcl', 'pcs', '12691', '13326', 0, 'blank-profile-picture-973460_1280.png'),
(58, 1, 'Hit Mat Green Tea 18+6', 'pak', '40616', '42647', 0, 'blank-profile-picture-973460_1280.png'),
(59, 1, 'Viva F.Tonic Lemon 100ml', 'ml', '15605', '16385', 0, 'blank-profile-picture-973460_1280.png'),
(60, 1, 'Sunlight Lime Rf 220ml', 'ml', '13702', '14387', 0, 'blank-profile-picture-973460_1280.png'),
(61, 1, 'Sasa 250gr', 'gram', '38385', '40304', 0, 'blank-profile-picture-973460_1280.png'),
(62, 1, 'Kispray Violet 8ml*6\'s', 'ml', '25556', '26834', 0, 'blank-profile-picture-973460_1280.png'),
(63, 1, 'Lord Blue Plus Ii', 'pcs', '27896', '29291', 0, 'blank-profile-picture-973460_1280.png'),
(64, 1, 'Bendera Cair Swis C 180ml', 'ml', '36741', '38578', 0, 'blank-profile-picture-973460_1280.png'),
(65, 1, 'Ades Botol 1.5ml', 'ml', '14859', '15602', 0, 'blank-profile-picture-973460_1280.png'),
(66, 1, 'Beng-Beng Kelapa 24g', 'gram', '31758', '33346', 0, 'blank-profile-picture-973460_1280.png'),
(67, 1, 'Pop Ice Avocado 25g*5\'s', 'gram', '10635', '11167', 0, 'blank-profile-picture-973460_1280.png'),
(68, 1, 'Molto All In1 Blue 800ml', 'ml', '35085', '36839', 0, 'blank-profile-picture-973460_1280.png'),
(69, 1, 'Soffell Apel 6g*6', 'gram', '30174', '31683', 0, 'blank-profile-picture-973460_1280.png'),
(70, 1, 'Downy Daring 20ml*6', 'ml', '48445', '50867', 0, 'blank-profile-picture-973460_1280.png'),
(71, 1, 'Zinc Shp Cln&Act 70ml', 'ml', '23348', '24515', 0, 'blank-profile-picture-973460_1280.png'),
(72, 1, 'Citra Hbl Night Wht 230ml', 'ml', '30520', '32046', 0, 'blank-profile-picture-973460_1280.png'),
(73, 1, 'Richoco Roll Cklt 43g', 'gram', '25870', '27164', 0, 'blank-profile-picture-973460_1280.png'),
(74, 1, 'Mitu Milk Bath Btl 200ml', 'ml', '37727', '39613', 0, 'blank-profile-picture-973460_1280.png'),
(75, 1, 'Mi-Won 100gr', 'gram', '46158', '48466', 0, 'blank-profile-picture-973460_1280.png'),
(76, 1, 'Sg Formula Protec Soft', 'pcs', '18652', '19585', 0, 'blank-profile-picture-973460_1280.png'),
(77, 1, 'Pop Ice Mocacino 25g*5\'s', 'gram', '24436', '25658', 0, 'blank-profile-picture-973460_1280.png'),
(78, 1, 'Kertas Kado Kiki Batik', 'pcs', '42127', '44233', 0, 'blank-profile-picture-973460_1280.png'),
(79, 1, 'Papan Ujian 2 Dimensi', 'pcs', '25579', '26858', 0, 'blank-profile-picture-973460_1280.png'),
(80, 1, 'Drs Kuyirva 56289', 'pcs', '22504', '23629', 0, 'blank-profile-picture-973460_1280.png'),
(81, 1, 'Mama Lime Charcl 400 Bt', 'pcs', '15641', '16423', 0, 'blank-profile-picture-973460_1280.png'),
(82, 1, 'Shinzui Soap Kensho 90gr', 'gram', '27353', '28721', 0, 'blank-profile-picture-973460_1280.png'),
(83, 1, 'Nextar Nastar 42gr', 'gram', '13188', '13847', 0, 'blank-profile-picture-973460_1280.png'),
(84, 1, 'Vaneli Bdt 10\'s', 'pcs', '13228', '13889', 0, 'blank-profile-picture-973460_1280.png'),
(85, 1, 'Hot In Cream Strong 60ml', 'ml', '48505', '50930', 0, 'blank-profile-picture-973460_1280.png'),
(86, 1, 'Soklin Liq Red 24ml*6', 'ml', '38699', '40634', 0, 'blank-profile-picture-973460_1280.png'),
(87, 1, 'Mie Sedap Korea Spicy', 'pcs', '18325', '19241', 0, 'blank-profile-picture-973460_1280.png'),
(88, 1, 'Jam Tangan 42500', 'pcs', '37797', '39687', 0, 'blank-profile-picture-973460_1280.png'),
(89, 1, 'Cho Cho Wf Snack Crsp 33g', 'gram', '32484', '34108', 0, 'blank-profile-picture-973460_1280.png'),
(90, 1, 'Downy Swethrt 20ml*6', 'ml', '14341', '15058', 0, 'blank-profile-picture-973460_1280.png'),
(91, 1, 'Sabut Stainles 40 Hkf', 'pcs', '46078', '48382', 0, 'blank-profile-picture-973460_1280.png'),
(92, 1, 'Zw Soap Milk&Hny 80g', 'gram', '45752', '48040', 0, 'blank-profile-picture-973460_1280.png'),
(93, 1, 'Alkaline Aa Lr-06 2\'s', 'pcs', '22746', '23883', 0, 'blank-profile-picture-973460_1280.png'),
(94, 1, 'Saori S.Teriyaki 30gr', 'gram', '33929', '35625', 0, 'blank-profile-picture-973460_1280.png'),
(95, 1, 'Proclin P.Noda 6*25ml', 'ml', '17137', '17994', 0, 'blank-profile-picture-973460_1280.png'),
(96, 1, 'Aqua Galon Isi Ulang', 'pcs', '43671', '45855', 0, 'blank-profile-picture-973460_1280.png'),
(97, 1, 'Sendok Bebek 24\'s', 'pcs', '47806', '50196', 0, 'blank-profile-picture-973460_1280.png'),
(98, 1, 'Roma Sand Pnt 216g', 'gram', '19252', '20215', 0, 'blank-profile-picture-973460_1280.png'),
(99, 1, 'Sg Formula Trendy S', 'pak', '31815', '33406', 0, 'blank-profile-picture-973460_1280.png'),
(100, 1, 'Promina Tm Ay&Tmtwtl 100', 'pcs', '20304', '21319', 0, 'blank-profile-picture-973460_1280.png'),
(101, 1, 'Gulaku Kng 500gr', 'gram', '26213', '27524', 0, 'blank-profile-picture-973460_1280.png'),
(102, 1, 'Aci Spm 1kg', 'kg', '18700', '19635', 0, 'blank-profile-picture-973460_1280.png'),
(103, 1, 'Yupi Exotic Mango 10g', 'gram', '34735', '36472', 0, 'blank-profile-picture-973460_1280.png'),
(104, 1, 'Laurier Spr Maxi 10\'pds', 'pcs', '26179', '27488', 0, 'blank-profile-picture-973460_1280.png'),
(105, 1, 'Bendera 3+ Madu 360g', 'gram', '18842', '19784', 0, 'blank-profile-picture-973460_1280.png'),
(106, 1, 'Esse Berry Pop', 'pcs', '41281', '43345', 0, 'blank-profile-picture-973460_1280.png'),
(107, 1, 'Teh Pucuk Jasmin 250ml', 'ml', '33381', '35050', 0, 'blank-profile-picture-973460_1280.png'),
(108, 1, 'Hula Cup Durian 80ml', 'ml', '37018', '38869', 0, 'blank-profile-picture-973460_1280.png'),
(109, 1, 'Gil Goal Klik Hc', 'pcs', '30399', '31919', 0, 'blank-profile-picture-973460_1280.png'),
(110, 1, 'Mens Biore Fw Energy 40g', 'gram', '27164', '28522', 0, 'blank-profile-picture-973460_1280.png'),
(111, 1, 'Soklin Liq Wht&Brt 24ml*6', 'ml', '36541', '38368', 0, 'blank-profile-picture-973460_1280.png'),
(112, 1, 'Nestle Kokokrnch Cmbo 32g', 'gram', '37284', '39148', 0, 'blank-profile-picture-973460_1280.png'),
(113, 1, 'Tim Tam Bisc Choco 16g', 'gram', '13658', '14341', 0, 'blank-profile-picture-973460_1280.png'),
(114, 1, 'Roma Slai O\'lai Blb 24g', 'gram', '28786', '30225', 0, 'blank-profile-picture-973460_1280.png'),
(115, 1, 'Fullo Blasto Cklt 16g', 'gram', '31058', '32611', 0, 'blank-profile-picture-973460_1280.png'),
(116, 1, 'Zee Rtd Cklt 200ml', 'ml', '11441', '12013', 0, 'blank-profile-picture-973460_1280.png'),
(117, 1, 'Milna Puff Keju 15g', 'gram', '23249', '24411', 0, 'blank-profile-picture-973460_1280.png'),
(118, 1, 'Abc Smbl Terasi 23g', 'gram', '26426', '27747', 0, 'blank-profile-picture-973460_1280.png'),
(119, 1, 'Sg Dr White Clean', 'pcs', '24126', '25332', 0, 'blank-profile-picture-973460_1280.png'),
(120, 1, 'Lux Ts Pink S.Rose 85g', 'gram', '44168', '46376', 0, 'blank-profile-picture-973460_1280.png'),
(121, 1, 'Rinso Molto Prfm Essen 770g', 'gram', '46165', '48473', 0, 'blank-profile-picture-973460_1280.png'),
(122, 1, 'Mie Sedap Cup Korea Spc', 'pcs', '46829', '49170', 0, 'blank-profile-picture-973460_1280.png'),
(123, 1, 'Bihun Jg Padamu Kng 200g', 'gram', '28110', '29516', 0, 'blank-profile-picture-973460_1280.png'),
(124, 1, 'Harmony Green Apple 70g', 'gram', '49640', '52122', 0, 'blank-profile-picture-973460_1280.png'),
(125, 1, 'Sweety Fit Pants M18', 'pcs', '33595', '35275', 0, 'blank-profile-picture-973460_1280.png'),
(126, 1, 'Isi Etona No.10', 'pcs', '37624', '39505', 0, 'blank-profile-picture-973460_1280.png'),
(127, 1, 'Marina Hbl Nou&Healt 100m', 'ml', '43121', '45277', 0, 'blank-profile-picture-973460_1280.png'),
(128, 1, 'Komix Jahe 7m', 'pcs', '24821', '26062', 0, 'blank-profile-picture-973460_1280.png'),
(129, 1, 'Patrick Stik 65ml', 'ml', '32132', '33739', 0, 'blank-profile-picture-973460_1280.png'),
(130, 1, 'Merris Pants S11', 'pcs', '28460', '29883', 0, 'blank-profile-picture-973460_1280.png'),
(131, 1, 'Taro Net Potato 9g', 'pcs', '17147', '18004', 0, 'blank-profile-picture-973460_1280.png'),
(132, 1, 'Kutex Nail Polish', 'pcs', '36270', '38084', 0, 'blank-profile-picture-973460_1280.png'),
(133, 1, 'Charm Bf Sc Ngt Wg 29-10p', 'pcs', '16380', '17199', 0, 'blank-profile-picture-973460_1280.png'),
(134, 1, 'Tea Jus Lemon 8g*10\'s', 'pcs', '20368', '21386', 0, 'blank-profile-picture-973460_1280.png'),
(135, 1, 'Mamypoko Pants Stand S1', 'pcs', '49339', '51806', 0, 'blank-profile-picture-973460_1280.png'),
(136, 1, 'Sg Formula Jun Walrus', 'pcs', '13267', '13930', 0, 'blank-profile-picture-973460_1280.png'),
(137, 1, 'Pepsodent Tb D.C Cln Mp2', 'pcs', '23830', '25022', 0, 'blank-profile-picture-973460_1280.png'),
(138, 1, 'Vaselin Hbl Hw Ins Fair95', 'pcs', '44080', '46284', 0, 'blank-profile-picture-973460_1280.png'),
(139, 1, 'Sdl Spon Wakat', 'pcs', '11635', '12217', 0, 'blank-profile-picture-973460_1280.png'),
(140, 1, 'Madu Tj Jrk 20gr', 'pcs', '13196', '13856', 0, 'blank-profile-picture-973460_1280.png'),
(141, 1, 'Cb Gift Box B', 'pcs', '24433', '25655', 0, 'blank-profile-picture-973460_1280.png'),
(142, 1, 'Dancow 1+Pbio1 Madu 400g', 'pcs', '41962', '44060', 0, 'blank-profile-picture-973460_1280.png'),
(143, 1, 'Vaneli Spr Kupu', 'pcs', '44930', '47177', 0, 'blank-profile-picture-973460_1280.png'),
(144, 1, 'Fullo Blasto Cklt 16g/ Box', 'pcs', '13375', '14044', 0, 'blank-profile-picture-973460_1280.png'),
(145, 1, 'Lactogen 2 Gold 350g', 'pcs', '27333', '28700', 0, 'blank-profile-picture-973460_1280.png'),
(146, 1, 'Mesis Kupu Warna', 'pcs', '25276', '26540', 0, 'blank-profile-picture-973460_1280.png'),
(147, 1, 'Giv Soap Tin&Zaitun', 'pcs', '48841', '51283', 0, 'blank-profile-picture-973460_1280.png'),
(148, 1, 'Teh Tong Tji J.Tea 5\'s', 'pcs', '47420', '49791', 0, 'blank-profile-picture-973460_1280.png'),
(149, 1, 'Stmj Cklt 30g', 'pcs', '13863', '14556', 0, 'blank-profile-picture-973460_1280.png'),
(150, 1, 'Gembok 40 Pj', 'pcs', '20290', '21305', 0, 'blank-profile-picture-973460_1280.png');

-- --------------------------------------------------------

--
-- Struktur dari tabel `transaksi`
--

CREATE TABLE `transaksi` (
  `id_transaksi` int(11) NOT NULL,
  `id_pelanggan` int(11) NOT NULL,
  `id_ongkir` int(11) NOT NULL,
  `tgl_transaksi` varchar(15) NOT NULL,
  `tot_bayar` varchar(15) NOT NULL,
  `stat_order` int(11) NOT NULL,
  `bukti_bayar` text NOT NULL
) ENGINE=InnoDB DEFAULT CHARSET=latin1;

--
-- Dumping data untuk tabel `transaksi`
--

INSERT INTO `transaksi` (`id_transaksi`, `id_pelanggan`, `id_ongkir`, `tgl_transaksi`, `tot_bayar`, `stat_order`, `bukti_bayar`) VALUES
(1, 1, 1, '2023-08-30', '75000', 4, 'Ini-Dia-Bukti-Transfer-Mandiri-Dari-ATM-mBanking-dan-Internet-Banking-Mandiri-11.jpg'),
(2, 1, 1, '2023-09-22', '58075', 4, 'Ini-Dia-Bukti-Transfer-Mandiri-Dari-ATM-mBanking-dan-Internet-Banking-Mandiri-13.jpg');

-- --------------------------------------------------------

--
-- Struktur dari tabel `user`
--

CREATE TABLE `user` (
  `id_user` int(11) NOT NULL,
  `nama_user` varchar(125) NOT NULL,
  `username` varchar(125) NOT NULL,
  `password` varchar(125) NOT NULL,
  `level_user` int(11) NOT NULL
) ENGINE=InnoDB DEFAULT CHARSET=latin1;

--
-- Dumping data untuk tabel `user`
--

INSERT INTO `user` (`id_user`, `nama_user`, `username`, `password`, `level_user`) VALUES
(1, 'Admin', 'admin', 'admin', 1),
(3, 'Pemilik', 'pemilik', 'pemilik', 2);

--
-- Indexes for dumped tables
--

--
-- Indeks untuk tabel `analisis`
--
ALTER TABLE `analisis`
  ADD PRIMARY KEY (`id_analisis`);

--
-- Indeks untuk tabel `detail_transaksi`
--
ALTER TABLE `detail_transaksi`
  ADD PRIMARY KEY (`id_detail`);

--
-- Indeks untuk tabel `diskon`
--
ALTER TABLE `diskon`
  ADD PRIMARY KEY (`id_diskon`);

--
-- Indeks untuk tabel `ongkir`
--
ALTER TABLE `ongkir`
  ADD PRIMARY KEY (`id_ongkir`);

--
-- Indeks untuk tabel `pelanggan`
--
ALTER TABLE `pelanggan`
  ADD PRIMARY KEY (`id_pelanggan`);

--
-- Indeks untuk tabel `produk`
--
ALTER TABLE `produk`
  ADD PRIMARY KEY (`id_produk`);

--
-- Indeks untuk tabel `transaksi`
--
ALTER TABLE `transaksi`
  ADD PRIMARY KEY (`id_transaksi`);

--
-- Indeks untuk tabel `user`
--
ALTER TABLE `user`
  ADD PRIMARY KEY (`id_user`);

--
-- AUTO_INCREMENT untuk tabel yang dibuang
--

--
-- AUTO_INCREMENT untuk tabel `analisis`
--
ALTER TABLE `analisis`
  MODIFY `id_analisis` int(11) NOT NULL AUTO_INCREMENT, AUTO_INCREMENT=451;

--
-- AUTO_INCREMENT untuk tabel `detail_transaksi`
--
ALTER TABLE `detail_transaksi`
  MODIFY `id_detail` int(11) NOT NULL AUTO_INCREMENT, AUTO_INCREMENT=5;

--
-- AUTO_INCREMENT untuk tabel `diskon`
--
ALTER TABLE `diskon`
  MODIFY `id_diskon` int(11) NOT NULL AUTO_INCREMENT, AUTO_INCREMENT=2;

--
-- AUTO_INCREMENT untuk tabel `ongkir`
--
ALTER TABLE `ongkir`
  MODIFY `id_ongkir` int(11) NOT NULL AUTO_INCREMENT, AUTO_INCREMENT=2;

--
-- AUTO_INCREMENT untuk tabel `pelanggan`
--
ALTER TABLE `pelanggan`
  MODIFY `id_pelanggan` int(11) NOT NULL AUTO_INCREMENT, AUTO_INCREMENT=2;

--
-- AUTO_INCREMENT untuk tabel `produk`
--
ALTER TABLE `produk`
  MODIFY `id_produk` int(11) NOT NULL AUTO_INCREMENT, AUTO_INCREMENT=151;

--
-- AUTO_INCREMENT untuk tabel `transaksi`
--
ALTER TABLE `transaksi`
  MODIFY `id_transaksi` int(11) NOT NULL AUTO_INCREMENT, AUTO_INCREMENT=3;

--
-- AUTO_INCREMENT untuk tabel `user`
--
ALTER TABLE `user`
  MODIFY `id_user` int(11) NOT NULL AUTO_INCREMENT, AUTO_INCREMENT=4;
COMMIT;

/*!40101 SET CHARACTER_SET_CLIENT=@OLD_CHARACTER_SET_CLIENT */;
/*!40101 SET CHARACTER_SET_RESULTS=@OLD_CHARACTER_SET_RESULTS */;
/*!40101 SET COLLATION_CONNECTION=@OLD_COLLATION_CONNECTION */;
